id,country,date,title_keywords,disaster_type_keywords,body_keywords,url
73778,Sri Lanka,2001-01-04,cyclone,,"cyclone, damage, flood, severe, storm, wind",https://api.reliefweb.int/v1/reports/73778?appname=apidoc
2566,Sri Lanka,2001-09-19,drought,drought,drought,https://api.reliefweb.int/v1/reports/2566?appname=apidoc
92629,Sri Lanka,2001-12-24,fire,,"die, fire, heavy, strong",https://api.reliefweb.int/v1/reports/92629?appname=apidoc
96413,Sri Lanka,2002-02-22,fire,,"fire, rain",https://api.reliefweb.int/v1/reports/96413?appname=apidoc
107054,Sri Lanka,2002-08-12,drought,,"drought, rain, severe",https://api.reliefweb.int/v1/reports/107054?appname=apidoc
126350,Sri Lanka,2003-05-19,flood,flood,"damage, die, flood, landslide, rain, severe",https://api.reliefweb.int/v1/reports/126350?appname=apidoc
126537,Sri Lanka,2003-05-21,monsoon,flood,"damage, flood, heavy, landslide, monsoon, rain",https://api.reliefweb.int/v1/reports/126537?appname=apidoc
126719,Sri Lanka,2003-05-23,flood,flood,"damage, disaster, flood, houses, rain",https://api.reliefweb.int/v1/reports/126719?appname=apidoc
128099,Sri Lanka,2003-05-23,"flood, landslide",flood,"damage, disaster, flood, injuries, landslide, severe, weather",https://api.reliefweb.int/v1/reports/128099?appname=apidoc
126871,Sri Lanka,2003-05-24,flood,flood,"die, disaster, flood, landslide, rain",https://api.reliefweb.int/v1/reports/126871?appname=apidoc
127765,Sri Lanka,2003-06-02,"flood, landslide",flood,"damage, disaster, evacuation, flood, houses, injuries, landslide, rain, severe",https://api.reliefweb.int/v1/reports/127765?appname=apidoc
142810,Sri Lanka,2004-02-23,fire,,fire,https://api.reliefweb.int/v1/reports/142810?appname=apidoc
152721,Sri Lanka,2004-08-17,drought,,"drought, monsoon, rain",https://api.reliefweb.int/v1/reports/152721?appname=apidoc
153084,Sri Lanka,2004-08-23,fire,,"die, fire",https://api.reliefweb.int/v1/reports/153084?appname=apidoc
160167,Sri Lanka,2004-12-15,"flood, monsoon",,"cyclone, flood, heavy, monsoon, rain",https://api.reliefweb.int/v1/reports/160167?appname=apidoc
160396,Sri Lanka,2004-12-17,flood,,flood,https://api.reliefweb.int/v1/reports/160396?appname=apidoc
160911,Sri Lanka,2004-12-26,"disaster, tsunami","earthquake, tsunami","die, disaster, earthquake, tsunami",https://api.reliefweb.int/v1/reports/160911?appname=apidoc
161032,Sri Lanka,2004-12-28,tsunami,"earthquake, tsunami",tsunami,https://api.reliefweb.int/v1/reports/161032?appname=apidoc
160979,Sri Lanka,2004-12-28,tsunami,"earthquake, tsunami","disaster, tsunami",https://api.reliefweb.int/v1/reports/160979?appname=apidoc
161096,Sri Lanka,2004-12-29,tsunami,"earthquake, tsunami","damage, die, disaster, earthquake, severe, tsunami",https://api.reliefweb.int/v1/reports/161096?appname=apidoc
161392,Sri Lanka,2004-12-30,disaster,"earthquake, tsunami",disaster,https://api.reliefweb.int/v1/reports/161392?appname=apidoc
161418,"Indonesia, Sri Lanka",2004-12-31,"disaster, tsunami","earthquake, tsunami","disaster, earthquake, rain, tsunami",https://api.reliefweb.int/v1/reports/161418?appname=apidoc
161867,Sri Lanka,2005-01-03,tsunami,"earthquake, tsunami","disaster, fire, houses, rain, tsunami",https://api.reliefweb.int/v1/reports/161867?appname=apidoc
161727,Sri Lanka,2005-01-03,tsunami,"earthquake, tsunami","disaster, tsunami",https://api.reliefweb.int/v1/reports/161727?appname=apidoc
161724,Sri Lanka,2005-01-03,tsunami,"earthquake, tsunami","disaster, rain, tsunami",https://api.reliefweb.int/v1/reports/161724?appname=apidoc
161889,Sri Lanka,2005-01-04,tsunami,"earthquake, tsunami","disaster, tsunami",https://api.reliefweb.int/v1/reports/161889?appname=apidoc
162208,"Indonesia, Sri Lanka",2005-01-04,tsunami,"earthquake, tsunami","evacuation, tsunami",https://api.reliefweb.int/v1/reports/162208?appname=apidoc
162277,Sri Lanka,2005-01-06,tsunami,"earthquake, tsunami","disaster, tsunami",https://api.reliefweb.int/v1/reports/162277?appname=apidoc
162825,Sri Lanka,2005-01-09,tsunami,"earthquake, tsunami","disaster, fire, tsunami",https://api.reliefweb.int/v1/reports/162825?appname=apidoc
163918,Sri Lanka,2005-01-12,tsunami,"earthquake, tsunami","disaster, rain, tsunami",https://api.reliefweb.int/v1/reports/163918?appname=apidoc
163508,Sri Lanka,2005-01-13,tsunami,"earthquake, tsunami","rain, tsunami",https://api.reliefweb.int/v1/reports/163508?appname=apidoc
164122,"Sri Lanka, India",2005-01-13,tsunami,"earthquake, tsunami","damage, die, disaster, houses, severe, tsunami",https://api.reliefweb.int/v1/reports/164122?appname=apidoc
163732,Sri Lanka,2005-01-17,tsunami,"earthquake, tsunami","damage, disaster, houses, severe, tsunami",https://api.reliefweb.int/v1/reports/163732?appname=apidoc
165148,Sri Lanka,2005-02-02,tsunami,"earthquake, tsunami","disaster, tsunami",https://api.reliefweb.int/v1/reports/165148?appname=apidoc
165491,Sri Lanka,2005-02-02,tsunami,"earthquake, tsunami","rain, tsunami",https://api.reliefweb.int/v1/reports/165491?appname=apidoc
165231,Sri Lanka,2005-02-03,tsunami,"earthquake, tsunami","damage, die, disaster, earthquake, tsunami",https://api.reliefweb.int/v1/reports/165231?appname=apidoc
165546,Sri Lanka,2005-02-03,tsunami,"earthquake, tsunami","damage, rain, tsunami",https://api.reliefweb.int/v1/reports/165546?appname=apidoc
166221,Sri Lanka,2005-02-07,tsunami,"earthquake, tsunami","disaster, rain, tsunami",https://api.reliefweb.int/v1/reports/166221?appname=apidoc
411825,Sri Lanka,2005-02-08,tsunami,"earthquake, tsunami","damage, die, disaster, earthquake, houses, rain, tsunami",https://api.reliefweb.int/v1/reports/411825?appname=apidoc
411699,Sri Lanka,2005-02-20,tsunami,"earthquake, tsunami","damage, rain, tsunami, weather",https://api.reliefweb.int/v1/reports/411699?appname=apidoc
167531,Sri Lanka,2005-02-23,tsunami,"earthquake, tsunami","damage, fire, houses, rain, storm, tsunami",https://api.reliefweb.int/v1/reports/167531?appname=apidoc
167273,Sri Lanka,2005-02-25,tsunami,"earthquake, tsunami","damage, disaster, houses, tsunami",https://api.reliefweb.int/v1/reports/167273?appname=apidoc
167276,Sri Lanka,2005-02-26,tsunami,"earthquake, tsunami","damage, houses, tsunami",https://api.reliefweb.int/v1/reports/167276?appname=apidoc
167316,"India, Sri Lanka, Indonesia",2005-02-28,tsunami,"earthquake, tsunami","disaster, tsunami",https://api.reliefweb.int/v1/reports/167316?appname=apidoc
168530,"Indonesia, Sri Lanka",2005-03-15,tsunami,"earthquake, tsunami",tsunami,https://api.reliefweb.int/v1/reports/168530?appname=apidoc
168570,Sri Lanka,2005-03-15,die,,"die, tsunami",https://api.reliefweb.int/v1/reports/168570?appname=apidoc
168662,Sri Lanka,2005-03-17,tsunami,"earthquake, tsunami",tsunami,https://api.reliefweb.int/v1/reports/168662?appname=apidoc
3672,Sri Lanka,2005-03-23,tsunami,"earthquake, tsunami",,https://api.reliefweb.int/v1/reports/3672?appname=apidoc
169216,Indonesia,2005-03-24,tsunami,"earthquake, tsunami","earthquake, rain, tsunami",https://api.reliefweb.int/v1/reports/169216?appname=apidoc
169466,Sri Lanka,2005-03-29,tsunami,"earthquake, tsunami","earthquake, strong, tsunami",https://api.reliefweb.int/v1/reports/169466?appname=apidoc
169956,"India, Sri Lanka",2005-03-29,earthquake,"earthquake, tsunami","damage, disaster, earthquake, houses, rain, severe, strong, tsunami",https://api.reliefweb.int/v1/reports/169956?appname=apidoc
169664,Sri Lanka,2005-03-30,tsunami,"earthquake, tsunami","disaster, tsunami",https://api.reliefweb.int/v1/reports/169664?appname=apidoc
170154,Sri Lanka,2005-04-05,fire,,"die, fire, tsunami",https://api.reliefweb.int/v1/reports/170154?appname=apidoc
412085,Sri Lanka,2005-04-28,tsunami,"earthquake, tsunami","damage, disaster, earthquake, tsunami",https://api.reliefweb.int/v1/reports/412085?appname=apidoc
173258,Sri Lanka,2005-05-11,tsunami,"earthquake, tsunami","damage, disaster, houses, tsunami",https://api.reliefweb.int/v1/reports/173258?appname=apidoc
173551,Sri Lanka,2005-05-13,tsunami,"earthquake, tsunami","fire, tsunami",https://api.reliefweb.int/v1/reports/173551?appname=apidoc
175646,Sri Lanka,2005-06-06,tsunami,"earthquake, tsunami",tsunami,https://api.reliefweb.int/v1/reports/175646?appname=apidoc
176084,Sri Lanka,2005-06-09,tsunami,"earthquake, tsunami","damage, earthquake, flood, rain, strong, tsunami",https://api.reliefweb.int/v1/reports/176084?appname=apidoc
177433,Sri Lanka,2005-07-04,fire,,"die, fire, tsunami",https://api.reliefweb.int/v1/reports/177433?appname=apidoc
182119,Sri Lanka,2005-08-18,fire,,fire,https://api.reliefweb.int/v1/reports/182119?appname=apidoc
183155,Sri Lanka,2005-08-29,fire,,fire,https://api.reliefweb.int/v1/reports/183155?appname=apidoc
3891,Sri Lanka,2005-08-31,tsunami,"earthquake, tsunami",,https://api.reliefweb.int/v1/reports/3891?appname=apidoc
3908,Sri Lanka,2005-08-31,tsunami,"earthquake, tsunami",,https://api.reliefweb.int/v1/reports/3908?appname=apidoc
184519,Sri Lanka,2005-09-13,tsunami,"earthquake, tsunami","flood, monsoon, rain, tsunami",https://api.reliefweb.int/v1/reports/184519?appname=apidoc
188693,Sri Lanka,2005-10-17,tsunami,"earthquake, tsunami","houses, tsunami",https://api.reliefweb.int/v1/reports/188693?appname=apidoc
190488,Sri Lanka,2005-10-31,tsunami,"earthquake, tsunami","severe, tsunami",https://api.reliefweb.int/v1/reports/190488?appname=apidoc
192570,Sri Lanka,2005-11-22,flood,flood,"die, flood, heavy, rain, tsunami",https://api.reliefweb.int/v1/reports/192570?appname=apidoc
192879,Sri Lanka,2005-11-23,"flood, heavy, rain",flood,"cyclone, flood, heavy, moderate, rain, severe, storm, tsunami, wind",https://api.reliefweb.int/v1/reports/192879?appname=apidoc
192916,Sri Lanka,2005-11-25,tsunami,"earthquake, tsunami","earthquake, tsunami",https://api.reliefweb.int/v1/reports/192916?appname=apidoc
193340,"Indonesia, Sri Lanka",2005-11-29,tsunami,"earthquake, tsunami","casualties, monsoon, tsunami",https://api.reliefweb.int/v1/reports/193340?appname=apidoc
415154,Sri Lanka,2005-11-30,houses,"earthquake, tsunami","damage, houses, tsunami",https://api.reliefweb.int/v1/reports/415154?appname=apidoc
194076,Sri Lanka,2005-12-07,flood,flood,"flood, rain",https://api.reliefweb.int/v1/reports/194076?appname=apidoc
194376,"India, Sri Lanka",2005-12-08,cyclone,flood,"cyclone, flood, heavy, rain, severe, storm",https://api.reliefweb.int/v1/reports/194376?appname=apidoc
4164,Sri Lanka,2005-12-10,"cyclone, flood",,,https://api.reliefweb.int/v1/reports/4164?appname=apidoc
195052,Sri Lanka,2005-12-14,houses,"earthquake, tsunami","houses, tsunami",https://api.reliefweb.int/v1/reports/195052?appname=apidoc
195568,Sri Lanka,2005-12-22,tsunami,"earthquake, tsunami","damage, die, disaster, tsunami",https://api.reliefweb.int/v1/reports/195568?appname=apidoc
195760,Sri Lanka,2005-12-23,tsunami,"earthquake, tsunami",tsunami,https://api.reliefweb.int/v1/reports/195760?appname=apidoc
196945,Sri Lanka,2006-01-13,fire,,"die, fire, strong",https://api.reliefweb.int/v1/reports/196945?appname=apidoc
197936,Sri Lanka,2006-01-25,fire,,"fire, rain, tsunami",https://api.reliefweb.int/v1/reports/197936?appname=apidoc
203408,Sri Lanka,2006-01-31,tsunami,"earthquake, tsunami","damage, die, heavy, houses, rain, tsunami",https://api.reliefweb.int/v1/reports/203408?appname=apidoc
200345,Sri Lanka,2006-02-15,tsunami,"earthquake, tsunami","disaster, tsunami",https://api.reliefweb.int/v1/reports/200345?appname=apidoc
201920,Sri Lanka,2006-03-07,tsunami,"earthquake, tsunami","disaster, tsunami, wind",https://api.reliefweb.int/v1/reports/201920?appname=apidoc
201970,Sri Lanka,2006-03-07,"rain, tsunami","earthquake, tsunami","damage, rain, tsunami, wind",https://api.reliefweb.int/v1/reports/201970?appname=apidoc
203443,Sri Lanka,2006-03-27,tsunami,,"disaster, tsunami",https://api.reliefweb.int/v1/reports/203443?appname=apidoc
204128,"India, Sri Lanka",2006-03-31,tsunami,"earthquake, tsunami","die, disaster, rain",https://api.reliefweb.int/v1/reports/204128?appname=apidoc
4569,Sri Lanka,2006-04-26,tsunami,"earthquake, tsunami",,https://api.reliefweb.int/v1/reports/4569?appname=apidoc
206520,Sri Lanka,2006-04-26,tsunami,"earthquake, tsunami","die, fire, tsunami",https://api.reliefweb.int/v1/reports/206520?appname=apidoc
206531,Sri Lanka,2006-04-27,die,,"die, fire, heavy, rain",https://api.reliefweb.int/v1/reports/206531?appname=apidoc
209760,Sri Lanka,2006-05-31,tsunami,"earthquake, tsunami","disaster, tsunami",https://api.reliefweb.int/v1/reports/209760?appname=apidoc
427964,Sri Lanka,2006-06-30,tsunami,"earthquake, tsunami","rain, severe, tsunami, wind",https://api.reliefweb.int/v1/reports/427964?appname=apidoc
432138,Sri Lanka,2006-08-11,fire,,"casualties, die, fire, rain",https://api.reliefweb.int/v1/reports/432138?appname=apidoc
214882,Sri Lanka,2006-09-29,tsunami,"earthquake, tsunami",tsunami,https://api.reliefweb.int/v1/reports/214882?appname=apidoc
218406,Sri Lanka,2006-11-14,die,,"die, fire",https://api.reliefweb.int/v1/reports/218406?appname=apidoc
221807,Sri Lanka,2006-12-18,tsunami,"earthquake, tsunami","disaster, rain, tsunami",https://api.reliefweb.int/v1/reports/221807?appname=apidoc
222332,Sri Lanka,2006-12-22,tsunami,"earthquake, tsunami","houses, tsunami",https://api.reliefweb.int/v1/reports/222332?appname=apidoc
222336,Sri Lanka,2006-12-22,tsunami,"earthquake, tsunami","damage, disaster, flood, houses, rain, tsunami",https://api.reliefweb.int/v1/reports/222336?appname=apidoc
222331,Sri Lanka,2006-12-24,tsunami,"earthquake, tsunami","damage, tsunami",https://api.reliefweb.int/v1/reports/222331?appname=apidoc
224010,Sri Lanka,2007-01-16,die,,die,https://api.reliefweb.int/v1/reports/224010?appname=apidoc
227691,Sri Lanka,2007-03-06,tsunami,"earthquake, tsunami","disaster, rain, strong, tsunami",https://api.reliefweb.int/v1/reports/227691?appname=apidoc
228796,Sri Lanka,2007-03-20,rain,"earthquake, tsunami","heavy, monsoon, rain, tsunami",https://api.reliefweb.int/v1/reports/228796?appname=apidoc
231496,Sri Lanka,2007-04-24,die,,"damage, die, fire, severe",https://api.reliefweb.int/v1/reports/231496?appname=apidoc
232377,Sri Lanka,2007-05-07,"flood, severe",flood,"damage, die, disaster, flood, heavy, houses, landslide, rain, weather, wind",https://api.reliefweb.int/v1/reports/232377?appname=apidoc
233624,Sri Lanka,2007-05-24,tsunami,"earthquake, tsunami","die, disaster, houses, rain, tsunami, wind",https://api.reliefweb.int/v1/reports/233624?appname=apidoc
234318,Sri Lanka,2007-06-05,tsunami,"earthquake, tsunami","damage, fire, flood, houses, tsunami",https://api.reliefweb.int/v1/reports/234318?appname=apidoc
234863,Sri Lanka,2007-06-12,tsunami,"earthquake, tsunami","damage, houses, severe, tsunami",https://api.reliefweb.int/v1/reports/234863?appname=apidoc
236739,Sri Lanka,2007-07-06,disaster,"earthquake, tsunami","cyclone, damage, die, disaster, drought, fire, flood, heavy, houses, landslide, rain, tsunami",https://api.reliefweb.int/v1/reports/236739?appname=apidoc
242669,Sri Lanka,2007-09-06,tsunami,"earthquake, tsunami","damage, tsunami, weather",https://api.reliefweb.int/v1/reports/242669?appname=apidoc
243531,Sri Lanka,2007-09-14,tsunami,"earthquake, tsunami","damage, disaster, rain, tsunami",https://api.reliefweb.int/v1/reports/243531?appname=apidoc
244101,Sri Lanka,2007-09-19,tsunami,"earthquake, tsunami","damage, die, disaster, earthquake, evacuation, heavy, tsunami",https://api.reliefweb.int/v1/reports/244101?appname=apidoc
253062,Sri Lanka,2007-12-26,tsunami,"earthquake, tsunami","damage, houses, tsunami",https://api.reliefweb.int/v1/reports/253062?appname=apidoc
253019,Sri Lanka,2007-12-26,tsunami,"earthquake, tsunami","die, disaster, houses, rain, tsunami",https://api.reliefweb.int/v1/reports/253019?appname=apidoc
253422,Sri Lanka,2008-01-02,fire,,fire,https://api.reliefweb.int/v1/reports/253422?appname=apidoc
253485,Sri Lanka,2008-01-02,fire,,fire,https://api.reliefweb.int/v1/reports/253485?appname=apidoc
254369,Sri Lanka,2008-01-13,fire,,"die, fire",https://api.reliefweb.int/v1/reports/254369?appname=apidoc
254472,Sri Lanka,2008-01-15,tsunami,"earthquake, tsunami","earthquake, houses, tsunami",https://api.reliefweb.int/v1/reports/254472?appname=apidoc
254682,Sri Lanka,2008-01-18,fire,,"casualties, die, fire",https://api.reliefweb.int/v1/reports/254682?appname=apidoc
255834,Sri Lanka,2008-01-31,tsunami,"earthquake, tsunami","disaster, fire, houses, strong, tsunami",https://api.reliefweb.int/v1/reports/255834?appname=apidoc
261341,Sri Lanka,2008-04-01,"flood, rain",flood,"die, disaster, flood, heavy, rain, strong, weather",https://api.reliefweb.int/v1/reports/261341?appname=apidoc
268744,Sri Lanka,2008-06-02,"flood, landslide",flood,"damage, disaster, flood, heavy, houses, landslide, monsoon, rain",https://api.reliefweb.int/v1/reports/268744?appname=apidoc
268770,Sri Lanka,2008-06-03,flood,flood,"disaster, flood, monsoon, rain",https://api.reliefweb.int/v1/reports/268770?appname=apidoc
268885,Sri Lanka,2008-06-03,flood,flood,"damage, disaster, flood, houses, rain",https://api.reliefweb.int/v1/reports/268885?appname=apidoc
277537,Sri Lanka,2008-06-04,flood,flood,"damage, disaster, flood, houses, landslide, rain",https://api.reliefweb.int/v1/reports/277537?appname=apidoc
269181,Sri Lanka,2008-06-05,flood,flood,"damage, disaster, flood, heavy, monsoon, rain",https://api.reliefweb.int/v1/reports/269181?appname=apidoc
284502,Sri Lanka,2008-10-23,flood,flood,"damage, disaster, flood, heavy, rain, storm",https://api.reliefweb.int/v1/reports/284502?appname=apidoc
291210,Sri Lanka,2008-12-22,die,,"die, heavy",https://api.reliefweb.int/v1/reports/291210?appname=apidoc
291543,Sri Lanka,2008-12-25,"tsunami, wind","earthquake, tsunami","disaster, houses, tsunami, wind",https://api.reliefweb.int/v1/reports/291543?appname=apidoc
300278,Sri Lanka,2009-03-06,heavy,,"die, fire, heavy, strong",https://api.reliefweb.int/v1/reports/300278?appname=apidoc
300405,Sri Lanka,2009-03-09,die,,"casualties, die, fire, heavy, rain, weather",https://api.reliefweb.int/v1/reports/300405?appname=apidoc
304219,Sri Lanka,2009-04-10,fire,,"die, fire",https://api.reliefweb.int/v1/reports/304219?appname=apidoc
304767,Sri Lanka,2009-04-16,fire,,"casualties, fire, heavy",https://api.reliefweb.int/v1/reports/304767?appname=apidoc
305623,Sri Lanka,2009-04-21,rain,,"fire, heavy, rain",https://api.reliefweb.int/v1/reports/305623?appname=apidoc
316858,Sri Lanka,2009-07-13,"disaster, weather",cyclone,"disaster, rain, weather",https://api.reliefweb.int/v1/reports/316858?appname=apidoc
321087,Sri Lanka,2009-08-19,flood,flood,"flood, heavy, monsoon, rain",https://api.reliefweb.int/v1/reports/321087?appname=apidoc
329375,Sri Lanka,2009-10-16,die,,die,https://api.reliefweb.int/v1/reports/329375?appname=apidoc
330120,Sri Lanka,2009-10-22,die,,die,https://api.reliefweb.int/v1/reports/330120?appname=apidoc
334332,Sri Lanka,2009-11-21,die,,die,https://api.reliefweb.int/v1/reports/334332?appname=apidoc
363777,Sri Lanka,2010-08-11,die,,"die, strong",https://api.reliefweb.int/v1/reports/363777?appname=apidoc
374382,Sri Lanka,2010-11-10,die,,"die, disaster, rain",https://api.reliefweb.int/v1/reports/374382?appname=apidoc
374879,Sri Lanka,2010-11-15,flood,flood,"damage, disaster, flood, heavy, rain",https://api.reliefweb.int/v1/reports/374879?appname=apidoc
18966,Sri Lanka,2011-01-11,"heavy, rain",flood,"flood, heavy, rain",https://api.reliefweb.int/v1/reports/18966?appname=apidoc
380545,Sri Lanka,2011-01-12,rain,flood,"disaster, heavy, monsoon, rain, storm, strong, tsunami, weather",https://api.reliefweb.int/v1/reports/380545?appname=apidoc
380786,Sri Lanka,2011-01-14,flood,flood,"damage, die, disaster, flood, rain, severe, weather",https://api.reliefweb.int/v1/reports/380786?appname=apidoc
381905,Sri Lanka,2011-01-25,flood,flood,"damage, disaster, flood, heavy, houses, rain, severe",https://api.reliefweb.int/v1/reports/381905?appname=apidoc
381947,Sri Lanka,2011-01-25,flood,flood,"damage, disaster, flood, heavy, houses, rain, weather",https://api.reliefweb.int/v1/reports/381947?appname=apidoc
388008,Sri Lanka,2011-02-07,flood,flood,"damage, die, disaster, evacuation, flood, houses, landslide",https://api.reliefweb.int/v1/reports/388008?appname=apidoc
387954,Sri Lanka,2011-02-07,rain,flood,"damage, flood, heavy, houses, monsoon, rain, tsunami",https://api.reliefweb.int/v1/reports/387954?appname=apidoc
388911,Sri Lanka,2011-02-14,flood,flood,"damage, disaster, flood, heavy, houses, landslide, rain, severe, storm",https://api.reliefweb.int/v1/reports/388911?appname=apidoc
388885,Sri Lanka,2011-02-16,damage,flood,"damage, disaster, flood, heavy, houses, rain, severe",https://api.reliefweb.int/v1/reports/388885?appname=apidoc
21105,Sri Lanka,2011-03-04,flood,flood,,https://api.reliefweb.int/v1/reports/21105?appname=apidoc
390769,Sri Lanka,2011-03-04,flood,flood,"damage, disaster, flood",https://api.reliefweb.int/v1/reports/390769?appname=apidoc
420362,"Sri Lanka, United States of America",2011-06-16,flood,flood,"flood, landslide, monsoon, rain",https://api.reliefweb.int/v1/reports/420362?appname=apidoc
420414,Sri Lanka,2011-06-16,flood,flood,flood,https://api.reliefweb.int/v1/reports/420414?appname=apidoc
664298,Sri Lanka,2014-06-02,flood,"flood, landslide","flood, landslide, rain",https://api.reliefweb.int/v1/reports/664298?appname=apidoc
666742,Sri Lanka,2014-06-11,flood,"flood, landslide","damage, disaster, flood, heavy, houses, landslide, lightning, monsoon, rain, severe, weather, wind",https://api.reliefweb.int/v1/reports/666742?appname=apidoc
776871,Sri Lanka,2014-12-23,"severe, weather","flood, landslide","damage, flood, heavy, houses, rain, severe, strong, weather, wind",https://api.reliefweb.int/v1/reports/776871?appname=apidoc
780136,Sri Lanka,2014-12-24,tsunami,"earthquake, tsunami","severe, tsunami",https://api.reliefweb.int/v1/reports/780136?appname=apidoc
778761,Sri Lanka,2014-12-24,"disaster, tsunami","earthquake, tsunami","cyclone, damage, die, disaster, drought, earthquake, fire, flood, houses, landslide, monsoon, tsunami, weather, wind",https://api.reliefweb.int/v1/reports/778761?appname=apidoc
785721,Sri Lanka,2014-12-31,disaster,"earthquake, flood, landslide, tsunami","die, disaster, earthquake, evacuation, heavy, houses, landslide, monsoon, rain, tsunami, weather, wind",https://api.reliefweb.int/v1/reports/785721?appname=apidoc
805131,Sri Lanka,2015-01-15,flood,"flood, landslide","damage, disaster, flood, heavy, houses, rain",https://api.reliefweb.int/v1/reports/805131?appname=apidoc
814781,Sri Lanka,2015-01-22,flood,"flood, landslide","damage, disaster, drought, flood, houses, rain, severe",https://api.reliefweb.int/v1/reports/814781?appname=apidoc
819871,Sri Lanka,2015-01-26,flood,"drought, flood, landslide","damage, disaster, flood, houses, landslide, rain, severe",https://api.reliefweb.int/v1/reports/819871?appname=apidoc
1177116,Sri Lanka,2015-09-17,die,,die,https://api.reliefweb.int/v1/reports/1177116?appname=apidoc
1191951,Sri Lanka,2015-09-28,"disaster, severe, weather","flood, landslide","heavy, houses, landslide, moderate, rain",https://api.reliefweb.int/v1/reports/1191951?appname=apidoc
1294541,Sri Lanka,2015-12-07,flood,"flood, landslide","disaster, drought, flood, heavy, landslide, monsoon, rain, severe",https://api.reliefweb.int/v1/reports/1294541?appname=apidoc
1547631,"Sri Lanka, United Arab Emirates",2016-05-30,flood,"flood, landslide","disaster, flood, landslide",https://api.reliefweb.int/v1/reports/1547631?appname=apidoc
1802049,"India, Sri Lanka",2016-12-01,cyclone,,"cyclone, heavy, rain, storm, strong, wind",https://api.reliefweb.int/v1/reports/1802049?appname=apidoc
1967879,Sri Lanka,2017-03-30,"disaster, drought",drought,"disaster, drought",https://api.reliefweb.int/v1/reports/1967879?appname=apidoc
2049104,Sri Lanka,2017-05-28,flood,"flood, landslide","disaster, evacuation, flood, heavy, landslide, rain, severe, strong, weather, wind",https://api.reliefweb.int/v1/reports/2049104?appname=apidoc
2050569,"China, Pakistan, Sri Lanka, United States of America",2017-05-29,"flood, landslide","flood, landslide","damage, disaster, evacuation, flood, houses, landslide, rain, severe, weather",https://api.reliefweb.int/v1/reports/2050569?appname=apidoc
2056129,Sri Lanka,2017-06-01,"disaster, storm","flood, landslide","disaster, flood, monsoon, rain, storm",https://api.reliefweb.int/v1/reports/2056129?appname=apidoc
2059929,"Iran (Islamic Republic of), Sri Lanka",2017-06-04,flood,"flood, landslide","flood, rain",https://api.reliefweb.int/v1/reports/2059929?appname=apidoc
2061499,Sri Lanka,2017-06-05,flood,"flood, landslide","die, disaster, flood, heavy, landslide, monsoon, rain, weather",https://api.reliefweb.int/v1/reports/2061499?appname=apidoc
2061169,Sri Lanka,2017-06-05,"flood, landslide, monsoon","flood, landslide","damage, disaster, flood, houses, landslide, rain, severe",https://api.reliefweb.int/v1/reports/2061169?appname=apidoc
2062669,Sri Lanka,2017-06-06,flood,"flood, landslide","damage, flood, heavy, houses, landslide, monsoon, rain, severe",https://api.reliefweb.int/v1/reports/2062669?appname=apidoc
2066094,Sri Lanka,2017-06-08,"flood, landslide","flood, landslide",,https://api.reliefweb.int/v1/reports/2066094?appname=apidoc
2095114,Sri Lanka,2017-06-12,"flood, landslide, monsoon","drought, flood, landslide","damage, disaster, drought, flood, heavy, houses, landslide, monsoon, rain, severe, strong, wind",https://api.reliefweb.int/v1/reports/2095114?appname=apidoc
2079399,Sri Lanka,2017-06-16,"flood, landslide","flood, landslide",,https://api.reliefweb.int/v1/reports/2079399?appname=apidoc
2089479,Sri Lanka,2017-06-22,"flood, landslide","flood, landslide",,https://api.reliefweb.int/v1/reports/2089479?appname=apidoc
2095124,Sri Lanka,2017-06-27,"flood, landslide, monsoon","drought, flood, landslide","damage, disaster, drought, flood, heavy, houses, landslide, rain, severe, strong, wind",https://api.reliefweb.int/v1/reports/2095124?appname=apidoc
2100944,Sri Lanka,2017-06-30,"flood, landslide","flood, landslide",,https://api.reliefweb.int/v1/reports/2100944?appname=apidoc
2111254,Sri Lanka,2017-07-07,"flood, landslide","flood, landslide","disaster, flood, heavy, landslide, monsoon, rain, strong, wind",https://api.reliefweb.int/v1/reports/2111254?appname=apidoc
2141019,Sri Lanka,2017-07-26,flood,"flood, landslide","damage, flood, heavy, houses, landslide, rain, tsunami",https://api.reliefweb.int/v1/reports/2141019?appname=apidoc
2208579,Sri Lanka,2017-09-08,flood,"flood, landslide","disaster, flood, heavy, landslide, monsoon, rain",https://api.reliefweb.int/v1/reports/2208579?appname=apidoc
2359399,"India, Maldives, Sri Lanka",2017-12-05,"cyclone, disaster",,"cyclone, damage, heavy, houses, rain, storm, strong, wind",https://api.reliefweb.int/v1/reports/2359399?appname=apidoc
2361579,"India, Sri Lanka",2017-12-06,"cyclone, disaster",,"cyclone, damage, disaster, heavy, houses, moderate, rain",https://api.reliefweb.int/v1/reports/2361579?appname=apidoc
2616429,Sri Lanka,2018-05-22,"flood, landslide, rain","flood, landslide","damage, die, disaster, flood, heavy, landslide, lightning, monsoon, rain, severe, storm, wind",https://api.reliefweb.int/v1/reports/2616429?appname=apidoc
2624489,Sri Lanka,2018-05-28,flood,"flood, landslide","die, disaster, flood, heavy, monsoon, rain, wind",https://api.reliefweb.int/v1/reports/2624489?appname=apidoc
2872408,"India, Sri Lanka",2018-11-13,cyclone,flood,"heavy, rain, severe, storm, strong, wind",https://api.reliefweb.int/v1/reports/2872408?appname=apidoc
2874258,"India, Sri Lanka",2018-11-14,cyclone,flood,"cyclone, heavy, rain, storm, strong, wind",https://api.reliefweb.int/v1/reports/2874258?appname=apidoc
2930564,Sri Lanka,2018-12-26,"disaster, flood",flood,"damage, flood, heavy, injuries, rain, wind",https://api.reliefweb.int/v1/reports/2930564?appname=apidoc
3100208,"India, Sri Lanka",2019-04-26,storm,cyclone,"heavy, rain, storm, strong, wind",https://api.reliefweb.int/v1/reports/3100208?appname=apidoc
3101798,"India, Sri Lanka",2019-04-28,cyclone,,"cyclone, storm, wind",https://api.reliefweb.int/v1/reports/3101798?appname=apidoc
3102523,"India, Sri Lanka",2019-04-29,cyclone,cyclone,"cyclone, heavy, rain, severe, storm, strong, wind",https://api.reliefweb.int/v1/reports/3102523?appname=apidoc
3322898,Sri Lanka,2019-09-26,"flood, landslide",,"casualties, damage, die, flood, heavy, houses, landslide, rain, storm, strong, wind",https://api.reliefweb.int/v1/reports/3322898?appname=apidoc
3324938,Sri Lanka,2019-09-27,flood,,"damage, flood, heavy, houses, landslide, rain, strong, wind",https://api.reliefweb.int/v1/reports/3324938?appname=apidoc
3433603,Sri Lanka,2019-12-10,"flood, landslide","flood, landslide","damage, die, disaster, evacuation, flood, heavy, houses, landslide, rain",https://api.reliefweb.int/v1/reports/3433603?appname=apidoc
3636204,Sri Lanka,2020-05-19,flood,,"damage, flood, heavy, houses, moderate, rain, strong, wind",https://api.reliefweb.int/v1/reports/3636204?appname=apidoc
3661086,Sri Lanka,2020-08-12,"severe, weather",,"casualties, damage, disaster, heavy, houses, rain, strong, wind",https://api.reliefweb.int/v1/reports/3661086?appname=apidoc
3690971,"India, Sri Lanka",2020-11-24,cyclone,,"cyclone, heavy, rain, storm, strong, wind",https://api.reliefweb.int/v1/reports/3690971?appname=apidoc
3691416,"India, Sri Lanka",2020-11-25,cyclone,,"cyclone, heavy, rain, storm, strong, wind",https://api.reliefweb.int/v1/reports/3691416?appname=apidoc
3693482,"India, Sri Lanka",2020-12-02,"cyclone, flood","flood, landslide","cyclone, die, evacuation, heavy, rain, storm, strong, wind",https://api.reliefweb.int/v1/reports/3693482?appname=apidoc
3693863,"India, Sri Lanka",2020-12-03,cyclone,"flood, landslide","flood, heavy, rain, storm, strong, wind",https://api.reliefweb.int/v1/reports/3693863?appname=apidoc
3694244,"India, Sri Lanka",2020-12-04,"cyclone, flood",flood,"damage, evacuation, flood, heavy, houses, moderate, rain, storm",https://api.reliefweb.int/v1/reports/3694244?appname=apidoc
3695457,Sri Lanka,2020-12-09,cyclone,flood,,https://api.reliefweb.int/v1/reports/3695457?appname=apidoc
3697170,Sri Lanka,2020-12-15,flood,flood,"cyclone, damage, die, evacuation, flood, heavy, houses, rain, strong, wind",https://api.reliefweb.int/v1/reports/3697170?appname=apidoc
3701824,Sri Lanka,2021-01-05,"severe, weather",flood,"damage, heavy, houses, moderate, rain, storm, strong, weather, wind",https://api.reliefweb.int/v1/reports/3701824?appname=apidoc
3738675,Sri Lanka,2021-05-17,"flood, landslide","flood, landslide","casualties, damage, die, disaster, flood, heavy, houses, landslide, rain, storm",https://api.reliefweb.int/v1/reports/3738675?appname=apidoc
3744976,Sri Lanka,2021-06-07,"flood, severe, weather","flood, landslide","casualties, damage, die, disaster, evacuation, flood, heavy, landslide, rain, strong, wind",https://api.reliefweb.int/v1/reports/3744976?appname=apidoc
3745767,Sri Lanka,2021-06-09,"severe, weather","flood, landslide","damage, die, disaster, evacuation, flood, heavy, houses, landslide, rain, strong, wind",https://api.reliefweb.int/v1/reports/3745767?appname=apidoc
3747677,"Sri Lanka, United States of America",2021-06-15,fire,,"disaster, fire, rain",https://api.reliefweb.int/v1/reports/3747677?appname=apidoc
3755893,Sri Lanka,2021-07-13,"disaster, flood, severe, weather","flood, landslide","casualties, damage, die, disaster, flood, heavy, houses, moderate, rain, strong, wind",https://api.reliefweb.int/v1/reports/3755893?appname=apidoc
3769756,Sri Lanka,2021-08-31,"severe, weather","flood, landslide","casualties, damage, disaster, houses, rain, severe, strong, weather, wind",https://api.reliefweb.int/v1/reports/3769756?appname=apidoc
3788648,Sri Lanka,2021-11-04,"severe, weather",,"damage, die, disaster, flood, heavy, houses, moderate, rain, storm, strong, wind",https://api.reliefweb.int/v1/reports/3788648?appname=apidoc
3790332,Sri Lanka,2021-11-10,"flood, landslide",,"damage, die, disaster, evacuation, flood, heavy, houses, injuries, landslide, moderate, rain, storm",https://api.reliefweb.int/v1/reports/3790332?appname=apidoc
3790668,"India, Sri Lanka",2021-11-11,"flood, landslide","flood, landslide","damage, disaster, evacuation, flood, heavy, houses, landslide, moderate, rain, storm",https://api.reliefweb.int/v1/reports/3790668?appname=apidoc
3791022,"India, Sri Lanka",2021-11-12,"flood, landslide","flood, landslide","casualties, cyclone, die, disaster, evacuation, flood, heavy, landslide, moderate, rain, storm, strong, weather, wind",https://api.reliefweb.int/v1/reports/3791022?appname=apidoc
3794806,Sri Lanka,2021-11-25,flood,,,https://api.reliefweb.int/v1/reports/3794806?appname=apidoc
3795346,Sri Lanka,2021-11-26,"severe, weather",,"damage, disaster, flood, heavy, houses, landslide, moderate, rain, storm, strong, wind",https://api.reliefweb.int/v1/reports/3795346?appname=apidoc
3844638,"Dominican Republic, Ecuador, Guatemala, Guyana, Honduras, India, Morocco, Sri Lanka, Ukraine, United States of America, World",2022-05-07,rain,,"die, fire, rain",https://api.reliefweb.int/v1/reports/3844638?appname=apidoc
3852874,Sri Lanka,2022-06-02,"disaster, flood",,"damage, disaster, evacuation, flood, heavy, houses, landslide, rain",https://api.reliefweb.int/v1/reports/3852874?appname=apidoc
3896888,Sri Lanka,2022-10-17,"flood, landslide, severe, weather","flood, landslide","casualties, disaster, evacuation, flood, heavy, landslide, lightning, moderate, rain, strong, wind",https://api.reliefweb.int/v1/reports/3896888?appname=apidoc
3897231,"Japan, Sri Lanka",2022-10-18,rain,,rain,https://api.reliefweb.int/v1/reports/3897231?appname=apidoc
3932691,Sri Lanka,2023-02-11,disaster,,"damage, die, flood, houses, landslide, moderate, monsoon, rain, severe, storm",https://api.reliefweb.int/v1/reports/3932691?appname=apidoc
3956565,Sri Lanka,2023-04-27,"severe, weather",,"damage, disaster, heavy, houses, lightning, rain, storm, strong, wind",https://api.reliefweb.int/v1/reports/3956565?appname=apidoc
4002244,Sri Lanka,2023-10-03,"disaster, flood, severe, weather",,"damage, flood, heavy, houses, rain, severe, storm, strong, weather, wind",https://api.reliefweb.int/v1/reports/4002244?appname=apidoc
4013005,Sri Lanka,2023-11-08,"flood, landslide, severe, weather","flood, landslide","casualties, damage, die, disaster, flood, heavy, houses, landslide, rain, severe, strong, weather, wind",https://api.reliefweb.int/v1/reports/4013005?appname=apidoc
4013359,Sri Lanka,2023-11-09,"flood, landslide, severe, weather","flood, landslide","casualties, damage, die, disaster, flood, heavy, houses, landslide, rain, severe, storm, strong, weather, wind",https://api.reliefweb.int/v1/reports/4013359?appname=apidoc
4014277,Sri Lanka,2023-11-13,"flood, landslide, severe, weather","flood, landslide","damage, die, disaster, flood, heavy, houses, landslide, rain, severe, strong, weather, wind",https://api.reliefweb.int/v1/reports/4014277?appname=apidoc
4017508,Sri Lanka,2023-11-24,"flood, landslide, severe, weather","flood, landslide","casualties, damage, die, disaster, flood, heavy, houses, landslide, rain, severe, strong, weather, wind",https://api.reliefweb.int/v1/reports/4017508?appname=apidoc
4022196,Sri Lanka,2023-12-12,"disaster, flood, landslide, severe, weather","flood, landslide","casualties, damage, die, disaster, flood, heavy, houses, landslide, lightning, moderate, rain, severe, strong, weather, wind",https://api.reliefweb.int/v1/reports/4022196?appname=apidoc
4024360,Sri Lanka,2023-12-19,"flood, landslide","flood, landslide","damage, die, disaster, flood, heavy, houses, landslide, rain",https://api.reliefweb.int/v1/reports/4024360?appname=apidoc
4029034,Sri Lanka,2024-01-11,"flood, heavy, rain","flood, landslide","casualties, damage, die, disaster, flood, heavy, houses, landslide, moderate, rain, severe, strong, weather, wind",https://api.reliefweb.int/v1/reports/4029034?appname=apidoc
4029350,Sri Lanka,2024-01-12,"flood, heavy, rain","flood, landslide","damage, die, disaster, evacuation, flood, heavy, houses, rain",https://api.reliefweb.int/v1/reports/4029350?appname=apidoc
4063824,Sri Lanka,2024-05-21,"severe, weather","flood, landslide","casualties, damage, disaster, heavy, houses, rain, storm",https://api.reliefweb.int/v1/reports/4063824?appname=apidoc
4064493,Sri Lanka,2024-05-23,"severe, weather","flood, landslide","casualties, damage, disaster, heavy, houses, lightning, rain, severe, storm, strong, weather, wind",https://api.reliefweb.int/v1/reports/4064493?appname=apidoc
4066380,Sri Lanka,2024-05-30,"severe, weather","flood, landslide","casualties, damage, disaster, heavy, houses, rain, severe, storm, weather",https://api.reliefweb.int/v1/reports/4066380?appname=apidoc
4067870,Sri Lanka,2024-06-05,"severe, weather","flood, landslide","casualties, damage, disaster, heavy, houses, lightning, monsoon, rain, severe, storm, strong, weather, wind",https://api.reliefweb.int/v1/reports/4067870?appname=apidoc
4068141,Sri Lanka,2024-06-06,"severe, weather","flood, landslide","casualties, damage, die, disaster, flood, heavy, houses, landslide, rain, severe, storm, strong, weather, wind",https://api.reliefweb.int/v1/reports/4068141?appname=apidoc
4069365,Sri Lanka,2024-06-11,"severe, weather","flood, landslide","casualties, damage, disaster, evacuation, flood, heavy, landslide, monsoon, rain, severe, storm, strong, weather, wind",https://api.reliefweb.int/v1/reports/4069365?appname=apidoc
4069787,Sri Lanka,2024-06-12,"severe, weather","flood, landslide","casualties, damage, die, disaster, evacuation, flood, heavy, houses, landslide, moderate, monsoon, rain, severe, storm, strong, weather, wind",https://api.reliefweb.int/v1/reports/4069787?appname=apidoc
4101564,Sri Lanka,2024-10-14,"disaster, flood, severe, weather",flood,"casualties, damage, die, disaster, flood, heavy, houses, moderate, rain, severe, strong, weather, wind",https://api.reliefweb.int/v1/reports/4101564?appname=apidoc
4101914,Sri Lanka,2024-10-15,"flood, severe, weather",flood,"damage, disaster, flood, severe, weather",https://api.reliefweb.int/v1/reports/4101914?appname=apidoc
4114171,Sri Lanka,2024-11-28,"severe, weather",flood,"casualties, damage, die, flood, heavy, houses, rain, strong, wind",https://api.reliefweb.int/v1/reports/4114171?appname=apidoc
4114848,Sri Lanka,2024-12-02,flood,flood,"casualties, damage, disaster, flood, heavy, houses, rain, strong, wind",https://api.reliefweb.int/v1/reports/4114848?appname=apidoc
4120672,Sri Lanka,2024-12-20,monsoon,cyclone,"damage, disaster, flood, heavy, houses, landslide, rain, severe, storm, strong, weather, wind",https://api.reliefweb.int/v1/reports/4120672?appname=apidoc
4126317,Sri Lanka,2025-01-20,"severe, weather",,"casualties, damage, die, disaster, evacuation, flood, heavy, rain, severe, strong, weather, wind",https://api.reliefweb.int/v1/reports/4126317?appname=apidoc
4127473,Sri Lanka,2025-01-24,"flood, severe, weather",,"casualties, damage, disaster, evacuation, flood, heavy, rain, severe, strong, weather, wind",https://api.reliefweb.int/v1/reports/4127473?appname=apidoc
4128163,Sri Lanka,2025-01-28,"flood, severe, weather",,"casualties, damage, die, disaster, evacuation, flood, heavy, moderate, rain, severe, strong, weather, wind",https://api.reliefweb.int/v1/reports/4128163?appname=apidoc
